{
  "name": "bvote-backend",
  "version": "2.0.0",
  "description": "BVOTE 2025 - Enhanced Backend API with complete dependencies",
  "type": "module",
  "main": "server.js",
  "scripts": {
    "start": "node server.js",
    "dev": "nodemon server.js",
    "test": "jest",
    "build": "echo 'No build step required for Node.js backend'",
    "lint": "eslint .",
    "audit-fix": "npm audit fix",
    "audit-force": "npm audit fix --force",
    "install-all": "npm install validator bcrypt jsonwebtoken dotenv winston multer compression express-slow-down express-rate-limit helmet cors morgan socket.io pg sqlite3 nodemon jest eslint"
  },
  "dependencies": {
    "express": "^4.18.2",
    "socket.io": "^4.7.5",
    "cors": "^2.8.5",
    "helmet": "^7.1.0",
    "morgan": "^1.10.0",
    "compression": "^1.7.4",
    "express-rate-limit": "^7.1.5",
    "express-slow-down": "^2.0.1",
    "validator": "^13.11.0",
    "bcrypt": "^5.1.1",
    "jsonwebtoken": "^9.0.2",
    "dotenv": "^16.3.1",
    "winston": "^3.11.0",
    "multer": "^1.4.5-lts.1",
    "pg": "^8.11.3",
    "sqlite3": "^5.1.6",
    "pm2": "^5.3.0"
  },
  "devDependencies": {
    "nodemon": "^3.0.2",
    "jest": "^29.7.0",
    "eslint": "^8.56.0",
    "@types/node": "^20.10.5"
  },
  "engines": {
    "node": ">=18.0.0",
    "npm": ">=9.0.0"
  },
  "keywords": [
    "voting",
    "backend",
    "api",
    "nodejs",
    "express",
    "websocket"
  ],
  "author": "BVOTE 2025 Team",
  "license": "MIT",
  "repository": {
    "type": "git",
    "url": "https://github.com/your-repo/bvote-backend.git"
  },
  "bugs": {
    "url": "https://github.com/your-repo/bvote-backend/issues"
  },
  "homepage": "https://votingonline2025.site"
}
